 41011	2002	100
 41013	2007	167
 41025	2002	103
 41051	2002	55
 41067	2007	225
 41007	2002	26
 41029	2007	400
 41035	2007	205
 41047	2007	487
 41009	2007	117
 41027	2007	39
 41069	2002	22
 41039	2002	533
 41029	2007	344
 41007	2002	39
 41065	2002	50
 41023	2002	64
 41023	2007	78
 41061	2007	254
 41045	2002	97
 41053	2002	233
 41051	2007	58
 41015	2002	32
 41051	2002	101
 41029	2002	401
 41041	2002	60
 41019	2002	268
 41025	2007	65
 41047	2002	451
 41065	2002	93
 41025	2002	83
 41007	2007	45
 41043	2007	274
 41017	2007	341
 41057	2007	10
 41047	2002	456
 41045	2002	322
 41009	2002	109
 41051	2007	66
 41005	2002	429
 41071	2002	351
 41001	2007	81
 41015	2002	9
 41021	2007	13
 41019	2007	282
 41031	2002	173
 41043	2007	559
 41021	2007	55
 41035	2007	294
 41039	2007	533
 41001	2002	94
 41041	2002	29
 41023	2007	58
 41071	2007	284
 41037	2007	52
 41019	2007	96
 41043	2002	147
 41003	2002	12
 41061	2002	283
 41041	2002	9
 41037	2002	16
 41061	2002	10
 41055	2007	18
 41001	2002	6
 41005	2002	429
 41061	2002	11
 41003	2007	34
 41001	2002	60
 41053	2007	156
 41003	2007	37
 41041	1997	53
 41003	2007	120
 41069	2002	10
 41017	1997	15
 41067	1997	20
 41005	2007	125
 41007	2007	10
 41011	2007	12
 41041	2007	22
 41053	1997	67
 41013	1997	23
 41033	1997	23
 41061	2002	28
 41037	2002	11
 41023	2007	27
 41039	2007	3,335
 41031	2002	30
 41055	2002	82
 41053	2002	24
 41043	1997	956
 41013	1997	35
 41029	2007	22
 41035	2007	1,207
 41067	2007	24
 41019	2007	35
 41063	2007	108
 41031	2007	55
 41027	2002	562
 41049	2007	10
 41005	2002	92
 41017	2007	16
 41005	2007	122
 41029	2007	38
 41067	1997	21
 41053	2007	20
 41057	2007	302
 41045	2002	208
 41029	1997	17
 41059	2002	1,648
 41067	2002	17
 41021	2007	45
 41011	2007	92
 41025	2002	524
 41041	2002	3
 41063	1997	41
 41067	2007	21
 41059	2007	10
 41065	2007	134
 41035	2007	515
 41067	2007	16
 41011	2002	21
 41013	2007	622
 41037	2007	26
 41047	1997	84
 41061	2007	19
 41005	2002	97
 41013	2007	2
 41021	2002	156
 41035	2002	102
 41009	2007	8
 41039	2007	57
 41017	2007	77
 41053	2007	319
 41003	2002	40
 41007	2002	18
 41071	2002	86
 41039	1997	626
 41031	1997	25
 41069	2007	6
 41007	2007	20
 41043	2007	919
 41019	2002	268
 41023	2007	119
 41011	2007	31
 41005	1997	22
 41047	2007	43
 41007	2002	1
 41017	2002	18
 41029	2002	20
 41063	2002	5
 41057	2002	8
 41025	2002	285
 41003	1997	26
 41041	2002	18
 41003	1997	41
 41039	1997	87
 41039	2007	95
 41059	2007	113
 41003	2007	12
 41057	2002	83
 41063	2002	221
 41021	1997	27
 41003	2002	4
 41069	1997	61
 41013	2002	1
 41037	2002	158
 41027	1997	18
 41015	2007	23
 41029	2007	147
 41049	2002	5
 41069	1997	25
 41057	1997	10
 41021	2002	43
 41063	2002	21
 41057	1997	26
 41059	2007	304
 41037	2002	70
 41033	2002	45
 41015	2002	2
 41001	2002	29
 41027	2007	327
 41007	1997	263
 41015	2007	3
 41053	2002	30
 41031	1997	88
 41005	2002	238
 41011	2002	72
 41067	2007	59
 41071	2007	24
 41067	1997	59
 41017	1997	8
 41063	2002	34
 41039	2007	241
 41007	2002	4
 41061	2002	43
 41027	1997	33
 41031	2002	29
 41047	2007	25
 41007	2002	7
 41017	2007	336
 41009	2007	6
 41053	1997	49
 41061	1997	52
 41033	2002	10
 41043	1997	87
 41003	2002	48
 41041	1997	372
 41005	2002	15
 41065	1997	144
 41009	1997	21
 41051	2002	26
 41023	1997	80
 41039	2007	26
 41025	2002	8
 41063	2002	18
 41041	2007	10
 41005	2002	4,676
 41009	2002	23
 41035	2002	53
 41059	2002	185
 41009	2007	5
 41043	2002	39
 41067	2002	67
 41053	2002	80
 41003	2002	14
 41051	2002	302
 41039	2007	1,149
 41039	2002	694
 41065	2007	27
 41053	2007	15
 41045	2002	101
 41007	2007	7
 41015	2007	8
 41045	2002	1,272
 41013	2002	74
 41043	2007	774
 41005	1997	232
 41047	1997	144
 41009	2002	3
 41049	1997	31
 41029	2007	34
 41051	1997	15
 41035	1997	118
 41039	2002	12
 41067	2002	191
 41019	2002	7
 41047	2007	484
 41011	2002	6
 41033	1997	751
 41005	2007	36
 41063	2007	16
 41049	2007	9
 41047	2007	123
 41009	2002	183
 41045	2002	5
 41031	1997	13
 41023	2002	214
 41059	2002	61
 41071	1997	75
 41021	2002	1
 41069	2007	41
 41003	2002	31
 41029	2002	122
 41051	2007	193
 41041	2007	14
 41003	2007	11
 41021	2002	20
 41053	2007	12
 41025	2007	6
 41045	2007	105
 41047	2007	83
 41063	2002	115
 41017	2007	8
 41001	1997	42
 41021	1997	103
 41023	2002	27
 41019	2002	2,110
 41057	1997	69
 41067	2002	94
 41057	2002	32
 41027	1997	72
 41071	2007	179
 41047	2002	57
 41059	1997	466
 41043	2007	100
 41031	2007	70
 41071	2007	496
 41025	2007	298
 41011	1997	61
 41047	1997	141
 41035	2007	124
 41067	2002	65
 41013	2007	32
 41039	2007	58
 41007	2007	4
 41023	2002	394
 41057	2002	21
 41015	2007	15
 41041	2002	53
 41061	1997	54
 41047	1997	12
 41001	1997	759
 41051	2007	3
 41061	2007	26
 41051	2007	87
 41049	2007	4
 41065	2002	28
 41067	2002	272
 41009	2002	4
 41019	2002	140
 41059	1997	453
 41033	2002	1
 41013	1997	25
 41053	2007	49
 41067	2002	65
 41017	2002	1,632
 41063	2007	54
 41053	2002	102
 41055	2002	2
 41001	1997	71
 41033	2007	12
 41033	2007	4
 41011	2002	6
 41035	2002	182
 41017	2002	19
 41011	2007	28
 41001	2007	140
 41007	2007	23
 41023	2007	40
 41003	2002	9
 41047	2007	59
 41047	2002	187
 41013	2002	18
 41017	2007	1
 41053	2007	17
 41005	2007	429
 41011	2002	246
 41067	1997	1,960
 41055	2007	66
 41045	2007	125
 41065	2002	93
 41057	2002	8
 41007	2002	4
 41063	2002	4
 41067	2002	1
 41009	1997	851
 41067	2002	206
 41031	2002	32
 41033	2002	15
 41063	2002	52
 41035	1997	68
 41035	2007	101
 41069	2007	1
 41065	2007	48
 41069	2002	4
 41069	1997	5
 41063	2007	15
 41025	2007	39
 41013	2007	22
 41011	2007	17
 41009	2007	73
 41067	2007	295
 41019	2002	45
 41009	2002	24
 41043	1997	134
 41045	2002	6
 41071	1997	30
 41001	2002	1
 41061	1997	34
 41067	2007	716
 41065	2002	136
 41071	2007	34
 41011	2002	64
 41045	2007	157
 41065	2002	75
 41053	1997	596
 41019	2007	74
 41003	2007	201
 41065	2002	47
 41013	1997	596
 41067	1997	38
 41021	2002	100
 41043	2002	54
 41013	2007	4
 41033	2007	28
 41021	2002	3
 41025	2002	1
 41011	2007	64
 41013	2007	167
 41069	1997	179
 41047	2002	451
 41025	2002	103
 41025	2002	30
 41009	2007	41
 41023	2002	58
 41011	2002	52
 41061	2002	55
 41041	2002	374
 41061	1997	117
 41057	2002	6
 41025	2002	8
 41037	2002	18
 41035	2002	37
 41047	2002	48
 41051	2002	259
 41037	2007	199
 41067	2002	206
 41061	2002	993
 41041	2002	29
 41057	2007	35
 41037	2002	72
 41067	2007	600
 41001	2002	44
 41031	1997	456
 41053	2002	16
 41053	2007	80
 41063	2002	25
 41065	2007	103
 41043	2002	536
 41023	2002	7
 41031	2002	48
 41047	1997	184
 41031	2007	1
 41045	2002	50
 41037	1997	63
 41055	2007	208
 41057	2007	61
 41061	2002	41
 41045	2007	52
 41057	2002	24
 41069	2002	33
 41063	1997	76
 41059	2002	150
 41053	2007	1,252
 41035	2007	81
 41053	2002	233
 41013	2002	241
 41055	1997	80
 41055	2002	30
 41063	2007	51
 41067	2007	105
 41007	2007	31
 41029	2007	400
 41045	1997	1,320
 41049	2002	11
 41019	2002	87
 41005	2002	39
 41043	2002	165
 41003	2007	7
 41037	2007	5
 41009	2007	25
 41017	2002	11
 41033	2007	30
 41013	2002	34
 41061	2007	52
 41003	2002	197
 41043	2002	35
 41049	2002	99
 41009	2007	162
 41001	2007	85
 41061	2002	167
 41035	2007	316
 41067	2002	804
 41039	2002	142
 41003	2002	4
 41051	2002	12
 41051	2002	4
 41001	2007	17
 41005	2007	202
 41003	2002	137
 41039	1997	53
 41007	2007	61
 41017	2002	46
 41005	2007	543
 41009	2007	177
 41035	2007	25
 41065	2007	41
 41055	2007	3
 41063	2007	57
 41057	2002	28
 41011	2002	13
 41051	2002	22
 41049	2007	46
 41015	2002	17
 41035	2007	198
 41003	2007	24
 41027	2007	37
 41023	1997	18
 41049	2002	1
 41065	1997	55
 41071	1997	38
 41003	2002	148
 41045	2007	293
 41005	1997	46
 41013	2002	147
 41033	2002	33
 41039	2007	108
 41047	2007	42
 41059	1997	204
 41017	2007	16
 41035	2007	41
 41019	2007	23
 41021	2002	42
 41023	2002	4
 41061	2007	29
 41057	2007	12
 41019	2007	50
 41031	2002	59
 41005	1997	132
 41019	1997	114
 41043	2002	155
 41013	2007	16
 41057	1997	86
 41035	2007	49
 41047	2002	147
 41037	2007	23
 41055	2007	7
 41039	1997	1,070
 41031	2007	185
 41035	2002	66
 41011	1997	95
 41063	1997	114
 41065	1997	49
 41023	2007	65
 41009	1997	3
 41061	2002	78
 41065	2007	50
 41021	2007	21
 41041	2002	12
 41005	2002	896
 41017	2002	65
 41003	2007	13
 41039	2007	61
 41067	2007	20
 41039	2007	46
 41053	2007	306
 41059	2007	127
 41051	1997	1
 41005	2007	17
 41033	2007	22
 41041	2007	67
 41063	1997	28
 41007	2002	99
 41007	2002	7
 41067	2007	57
 41007	2007	6
 41061	2002	283
 41041	2002	187
 41019	1997	825
 41053	1997	16
 41019	2002	81
 41063	2002	97
 41033	2002	153
 41031	2007	17
 41001	2002	13
 41055	2002	8
 41017	2007	9
 41011	2007	67
 41029	2002	99
 41033	2007	675
 41053	2007	32
 41029	1997	536
 41053	1997	96
 41041	2007	22
 41055	1997	2
 41033	1997	20
 41019	2002	77
 41045	2002	62
 41063	2002	48
 41015	2002	22
 41053	2002	58
 41015	2007	4
 41049	2002	375
 41019	2002	151
 41049	2002	76
 41049	2007	117
 41027	2007	205
 41003	1997	6
 41001	2007	688
 41013	2002	6
 41027	2007	19
 41013	2007	7
 41059	2002	99
 41057	2007	34
 41047	2002	1,030
 41005	2002	154
 41021	1997	4
 41009	1997	13
 41067	2007	34
 41009	2007	32
 41057	2002	3
 41011	2002	255
 41071	2002	27
 41043	2007	559
 41045	2007	40
 41047	2002	17
 41021	2007	20
 41035	2007	294
 41049	2007	50
 41025	1997	57
 41069	2007	80
 41051	2002	43
 41071	2002	28
 41051	2002	92
 41027	2007	4
 41001	2002	88
 41019	2007	2,095
 41045	2002	353
 41071	2007	51
 41045	2007	8
 41023	2007	37
 41057	2007	3
 41051	2007	2
 41047	2002	39
 41031	1997	33
 41039	1997	22
 41021	2002	7
 41025	2007	3
 41055	2007	4
 41015	2007	12
 41009	1997	27
 41047	2002	104
 41059	2002	51
 41071	2007	118
 41013	2007	10
 41049	2007	5
 41003	2007	17
 41035	2007	31
 41069	1997	1
 41061	2002	59
 41063	1997	61
 41043	2007	11
 41037	2002	94
 41065	2007	133
 41065	2007	15
 41071	2007	471
 41019	2007	118
 41037	2007	417
 41067	2002	1,900
 41045	2002	131
 41045	1997	44
 41009	2002	186
 41051	2002	5
 41033	2002	1
 41045	2002	110
 41019	2002	29
 41007	1997	30
 41035	2002	14
 41029	2007	1,976
 41027	2007	35
 41019	2002	140
 41021	2002	81
 41001	1997	57
 41059	2007	10
 41041	2007	159
 41059	2007	525
 41041	2007	34
 41061	2007	115
 41005	2007	12
 41047	2007	628
 41053	2007	293
 41043	2002	156
 41015	2007	1
 41045	2002	58
 41005	2002	29
 41021	2007	1
 41003	1997	55
 41063	2007	70
 41001	2002	108
 41041	2002	9
 41045	2007	101
 41051	2002	55
 41043	2007	30
 41043	2007	57
 41019	2002	130
 41067	2002	22
 41063	2002	44
 41017	2007	16
 41035	2002	118
 41007	1997	106
 41015	1997	5
 41029	2002	172
 41011	2002	24
 41019	2002	274
 41037	2002	17
 41037	2002	158
 41059	2002	303
 41013	1997	21
 41001	2002	7
 41063	2007	22
 41051	2007	14
 41067	2002	56
 41047	2007	1,031
 41071	2002	351
 41019	2002	309
 41021	2007	86
 41027	1997	13
 41031	2007	33
 41031	1997	31
 41017	2007	758
 41055	1997	21
 41035	2007	5
 41019	2007	79
 41009	2002	10
 41041	2007	62
 41007	2002	26
 41049	2007	1
 41007	2007	1
 41021	2007	1
 41063	1997	46
 41027	2002	8
 41017	2002	40
 41025	2002	1
 41015	1997	14
 41007	2007	20
 41025	2007	128
 41037	2002	61
 41063	2007	113
 41033	1997	42
 41047	1997	156
 41027	2002	11
 41037	2007	12
 41009	2007	22
 41005	1997	4
 41063	2002	30
 41029	2002	12
 41031	2002	108
 41035	2002	500
 41025	1997	81
 41031	2007	9
 41055	2007	9
 41011	1997	780
 41005	2002	156
 41037	1997	10
 41029	2002	44
 41017	2002	20
 41049	2007	11
 41025	2002	18
 41007	1997	20
 41031	1997	47
 41019	1997	363
 41039	2002	151
 41023	1997	106
 41057	2002	7
 41027	2007	3
 41037	2007	3
 41059	2002	17
 41005	1997	4,485
 41019	2007	907
 41035	2002	221
 41059	2002	19
 41051	2002	15
 41037	1997	52
 41049	2002	39
 41069	2002	7
 41049	2007	117
 41031	2002	118
 41047	2002	46
 41005	1997	236
 41007	1997	5
 41001	2007	8
 41045	2002	71
 41021	2002	14
 41063	2007	3
 41017	1997	41
 41069	2002	89
 41007	2002	8
 41001	2007	67
 41059	2007	94
 41063	2002	7
 41059	2002	95
 41069	2002	12
 41045	2007	348
 41007	2002	248
 41015	1997	43
 41063	1997	18
 41047	2002	33
 41015	2007	16
 41039	2007	184
 41049	2002	8
 41041	2007	2
 41033	1997	47
 41029	2007	49
 41029	2002	34
 41051	2007	241
 41023	2007	12
 41057	2002	146
 41071	2002	503
 41055	2002	13
 41047	2002	612
 41011	2002	748
 41043	2007	86
 41071	2002	8
 41027	2007	4
 41015	2002	8
 41061	1997	56
 41045	2007	100
 41025	2002	89
 41041	1997	165
 41067	1997	1
 41013	2002	147
 41071	2007	1,012
 41047	2002	50
 41005	2007	349
 41067	2007	24
 41071	1997	2,175
 41043	2002	55
 41019	2002	40
 41023	1997	39
 41021	2002	3
 41023	2002	79
 41001	1997	40
 41045	2002	135
 41043	2002	536
 41005	2002	88
 41003	2007	129
 41023	2007	85
 41067	2002	51
 41029	1997	42
 41051	1997	5
 41059	2002	57
 41057	2002	13
 41067	2007	97
 41063	2007	63
 41047	2007	36
 41063	2007	140
 41023	1997	49
 41029	2002	58
 41045	2002	27
 41017	2007	59
 41027	1997	246
 41065	2007	98
 41061	2002	3
 41021	2007	55
 41031	2007	2
 41053	2002	249
 41037	2002	33
 41017	1997	63
 41057	2007	32
 41027	2002	74
 41001	2002	161
 41003	2002	65
 41023	2002	18
 41065	2002	4
 41071	1997	158
 41047	2007	34
 41061	1997	63
 41003	2002	52
 41021	2002	3
 41069	1997	4
 41029	2007	564
 41045	2002	307
 41055	2002	25
 41055	2002	2
 41065	2007	2
 41045	1997	77
 41041	1997	23
 41069	2007	2
 41033	2002	117
 41043	1997	57
 41043	2002	84
 41045	2002	516
 41015	2002	9
 41049	2002	6
 41035	2007	43
 41007	2007	4
 41025	2007	48
 41049	2007	6
 41039	2007	82
 41025	2002	15
 41005	2002	2,186
 41031	2007	185
 41021	1997	3
 41007	2007	6
 41039	2002	665
 41039	2002	484
 41059	2007	35
 41005	1997	71
 41053	2002	35
 41015	2007	10
 41067	1997	56
 41003	2007	28
 41017	2002	20
 41071	2002	1,105
 41005	2007	3,989
 41061	2002	16
 41007	1997	26
 41039	2002	392
 41035	1997	179
 41011	1997	42
 41041	1997	25
 41043	2002	664
 41039	1997	2,512
 41037	2007	79
 41065	1997	542
 41005	2007	1,117
 41005	2002	88
 41023	2002	1
 41045	2002	65
 41069	2002	22
 41023	2002	2
 41027	2002	157
 41033	2007	2
 41061	2002	128
 41029	2002	532
 41039	2007	3
 41041	2002	19
 41057	2007	27
 41023	2007	398
 41055	2007	4
 41059	2002	468
 41013	2007	67
 41031	1997	20
 41055	2002	56
 41021	2002	19
 41007	2007	31
 41005	2002	1,659
 41043	2002	2,346
 41011	1997	17
 41069	2007	51
 41061	2007	12
 41043	1997	32
 41059	2002	243
 41033	2002	339
 41029	2007	168
 41067	1997	100
 41063	1997	22
 41005	2007	966
 41037	1997	64
 41017	2012	3
 41029	2012	31
 41039	2012	38
 41051	2012	14
 41063	2012	1
 41027	2012	3
 41065	2012	1
 41069	2012	1
 41001	2007	46
 41009	1997	389
 41017	2002	240
 41037	1997	86
 41057	1997	354
 41033	2002	28
 41017	2002	1
 41039	2002	104
 41001	2002	19
 41051	1997	6
 41027	1997	175
 41065	1997	44
 41009	2002	368
 41067	2002	487
 41029	2002	41
 41017	2007	56
 41007	1997	31
 41021	2007	1
 41067	2007	391
 41063	2007	140
 41071	2007	136
 41057	2007	1
 41045	2002	168
 41015	2002	22
 41051	2002	21
 41017	2007	17
 41047	2002	142
 41009	2002	878
 41007	2002	128
 41043	2007	77
 41071	2007	57
 41029	2002	370
 41035	1997	1,205
 41015	2007	13
 41033	2007	68
 41063	2002	138
 41057	2007	84
 41041	2002	7
 41067	2007	40
 41013	2007	12
 41007	2002	11
 41029	2007	62
 41051	2002	710
 41005	2002	12
 41061	2002	323
 41051	2007	14
 41047	2002	143
 41029	2007	677
 41007	2002	7
 41011	2007	28
 41037	2002	12
 41001	2007	5
 41011	2002	15
 41071	2002	56
 41063	1997	21
 41051	2002	17
 41039	2007	286
 41027	2007	12
 41045	2007	69
 41047	2002	52
 41055	2002	56
 41021	2007	43
 41033	2007	41
 41071	2007	31
 41025	2002	16
 41043	1997	172
 41043	2002	25
 41005	2002	401
 41071	2002	69
 41019	1997	42
 41019	2002	37
 41049	2002	31
 41051	2007	2
 41051	2002	1
 41035	1997	297
 41011	2002	52
 41033	1997	30
 41043	1997	105
 41043	2002	96
 41003	2002	277
 41041	2002	18
 41061	1997	293
 41029	2002	45
 41023	2002	3
 41033	2002	33
 41049	1997	60
 41003	2002	20
 41055	2002	2
 41049	2007	36
 41025	2007	22
 41027	2002	54
 41005	2007	1,502
 41013	2002	6
 41065	2002	123
 41049	2007	6
 41051	2007	30
 41011	2002	146
 41059	2007	234
 41011	2007	25
 41069	2007	8
 41013	2002	6
 41001	2002	26
 41023	2007	2
 41051	2002	17
 41011	1997	16
 41065	2007	134
 41009	1997	180
 41005	2007	89
 41015	2007	8
 41051	1997	18
 41017	1997	15
 41059	1997	1,764
 41051	1997	26
 41071	2002	614
 41045	2007	214
 41067	2007	11
 41057	1997	28
 41003	1997	353
 41059	1997	28
 41045	2007	57
 41023	2002	39
 41015	2002	68
 41039	2002	145
 41043	1997	38
 41071	2002	26
 41041	2002	10
 41055	2007	23
 41059	2007	82
 41049	2007	185
 41055	1997	41
 41003	2007	153
 41031	2007	28
 41031	2007	9
 41051	2002	1
 41031	2007	10
 41031	1997	24
 41061	1997	93
 41021	2007	19
 41001	2002	132
 41045	2007	35
 41015	1997	12
 41031	2007	13
 41057	2007	121
 41061	2007	14
 41001	2002	76
 41063	2007	1
 41017	2007	477
 41013	2002	62
 41009	1997	13
 41045	1997	156
 41005	2007	6
 41027	2007	39
 41035	2007	334
 41067	2007	232
 41033	2002	6
 41011	2002	23
 41029	2002	633
 41003	1997	27
 41059	1997	124
 41059	2007	70
 41059	2002	19
 41069	2007	2
 41033	2007	18
 41071	2002	102
 41005	2007	1,773
 41005	2012	118
 41037	2012	3
 41065	2012	10
 41023	2012	3
 41035	2012	48
 41059	2012	157
 41061	2012	111
 41015	1997	23
 41065	1997	84
 41047	2007	195
 41009	2007	396
 41051	2007	10
 41031	2002	173
 41057	1997	8
 41071	2002	239
 41017	2002	487
 41009	2007	2
 41011	2002	4
 41035	2002	11
 41063	2002	71
 41061	2007	125
 41069	2007	3
 41003	1997	17
 41027	1997	612
 41017	2007	35
 41011	2007	6
 41057	1997	37
 41007	2007	1
 41019	2007	194
 41025	2002	55
 41011	1997	48
 41021	1997	6
 41025	2007	68
 41069	2007	10
 41013	2002	300
 41017	1997	6
 41047	1997	843
 41057	2007	8
 41005	2002	195
 41037	2007	141
 41001	2002	143
 41013	2002	91
 41029	2002	12
 41015	2007	21
 41029	2007	134
 41021	2002	42
 41037	2007	111
 41011	2007	746
 41071	1997	66
 41043	2007	30
 41049	1997	40
 41051	1997	3
 41063	2002	98
 41049	2002	14
 41007	2002	20
 41029	2007	810
 41029	2007	72
 41053	1997	262
 41039	2002	2,577
 41023	2002	42
 41061	2007	317
 41047	2002	152
 41071	2007	38
 41033	2007	301
 41003	2007	17
 41069	1997	14
 41027	2007	9
 41059	2002	60
 41045	1997	288
 41039	2007	48
 41047	2007	117
 41049	1997	11
 41017	2007	14
 41065	1997	21
 41065	2007	28
 41065	2002	29
 41017	2007	6
 41069	2002	1
 41019	2002	544
 41067	2007	56
 41065	2007	13
 41031	2007	26
 41019	2007	320
 41001	2007	97
 41061	2002	107
 41067	2002	19
 41049	2002	16
 41061	2002	86
 41025	2002	174
 41035	2002	281
 41027	2002	3
 41035	1997	28
 41033	2002	8
 41015	2002	11
 41021	2007	1
 41051	2002	289
 41071	2002	52
 41071	2002	446
 41007	1997	2
 41025	1997	537
 41011	2002	102
 41019	2002	24
 41041	2007	371
 41041	2002	14
 41041	2007	36
 41031	2002	11
 41035	2007	62
 41031	2007	82
 41069	2007	69
 41009	2007	29
 41011	2007	45
 41065	2007	30
 41037	2007	63
 41067	2002	28
 41001	2007	42
 41041	2007	13
 41019	1997	2,281
 41023	2002	90
 41043	2007	124
 41001	2007	67
 41011	2007	259
 41061	1997	58
 41025	1997	24
 41049	2007	20
 41051	1997	292
 41061	2002	27
 41049	2007	140
 41015	2007	67
 41031	2002	24
 41045	1997	59
 41063	2007	15
 41017	2002	8
 41023	2007	14
 41045	2007	48
 41025	2002	89
 41043	2002	136
 41009	2007	54
 41007	2002	13
 41001	1997	34
 41001	1997	160
 41029	2007	109
 41061	2002	8
 41067	2007	265
 41013	2007	92
 41059	2012	22
 41019	2012	342
 41069	2012	41
 41015	2012	10
 41017	2012	346
 41023	2012	76
 41053	1997	70
 41037	2002	462
 41043	2002	516
 41025	2012	145
 41027	2012	57
 41033	2012	122
 41051	2012	72
 41061	2012	264
 41063	2012	142
 41067	2012	200
 41003	2012	228
 41019	2012	867
 41031	2012	181
 41055	2012	17
 41059	2012	481
 41005	2012	6
 41013	2012	7
 41057	2002	47
 41049	1997	56
 41053	1997	44
 41055	2007	44
 41011	2007	11
 41051	2007	4
 41015	2002	16
 41069	1997	18
 41043	1997	46
 41043	2007	150
 41069	1997	4
 41035	1997	79
 41007	2002	38
 41013	2002	143
 41017	2002	26
 41035	2007	86
 41025	2002	55
 41001	2002	703
 41041	2002	94
 41009	2002	6
 41033	2007	28
 41067	2002	18
 41043	2007	92
 41071	2002	24
 41055	2007	19
 41021	1997	14
 41005	2007	48
 41059	2007	381
 41049	2007	42
 41045	2007	4
 41029	2002	841
 41015	1997	7
 41065	2002	10
 41019	1997	81
 41005	1997	88
 41011	2007	233
 41023	2007	1
 41069	2002	22
 41013	2007	37
 41019	2007	254
 41025	2007	13
 41035	2007	64
 41037	2002	194
 41015	2002	3
 41031	2002	60
 41029	2007	6
 41057	2007	13
 41063	2002	7
 41059	2002	149
 41041	2002	16
 41063	2002	18
 41053	2007	8
 41019	2007	332
 41007	1997	5
 41069	2002	1
 41041	2002	166
 41059	2002	61
 41037	2002	17
 41041	2007	10
 41013	2007	51
 41011	2007	55
 41017	1997	1,523
 41015	2002	32
 41037	2007	1
 41061	2002	22
 41055	1997	194
 41063	2007	526
 41041	2007	13
 41017	2007	36
 41065	2007	15
 41029	2002	105
 41017	2007	1
 41005	2007	429
 41037	2007	51
 41001	2007	49
 41029	2007	14
 41019	1997	193
 41059	1997	102
 41037	1997	30
 41049	2007	1
 41011	2007	69
 41001	2007	39
 41063	2007	27
 41017	2002	84
 41037	2002	4
 41053	2002	1,324
 41065	2002	78
 41029	2002	25
 41045	2007	137
 41063	2007	100
 41037	2002	6
 41043	2002	505
 41035	2002	10
 41029	2007	36
 41029	2007	385
 41047	2007	2,670
 41017	2007	341
 41031	2002	14
 41051	2002	4
 41039	2002	392
 41013	2012	551
 41025	2007	177
 41031	2012	85
 41047	2012	869
 41057	2012	61
 41007	2012	78
 41037	2012	58
 41019	2012	524
 41069	2012	33
 41071	2012	354
 41025	2007	129
 41011	2007	72
 41031	2007	12
 41009	2007	322
 41065	2007	4
 41019	1997	164
 41067	2002	56
 41039	2002	78
 41015	2002	1
 41023	2007	3
 41009	2002	22
 41065	2007	29
 41043	2007	88
 41045	1997	107
 41019	1997	102
 41031	2007	3
 41001	2012	102
 41013	2012	55
 41047	2012	157
 41053	2012	66
 41037	2002	7
 41063	2007	19
 41023	2012	36
 41007	2012	1
 41009	2012	5
 41015	2012	18
 41017	2012	19
 41037	1997	24
 41031	1997	58
 41027	2002	34
 41013	2002	15
 41025	1997	23
 41011	1997	12
 41005	2002	77
 41029	2007	62
 41021	2007	3
 41055	2002	13
 41035	2012	9
 41045	2012	12
 41049	2012	2
 41049	2012	9
 41065	2012	4
 41003	2012	11
 41033	2012	8
 41041	2012	3
 41053	2012	14
 41069	2012	8
 41001	2012	8
 41017	2012	4
 41031	2012	21
 41039	2012	14
 41021	2007	4
 41035	1997	43
 41029	2002	140
 41041	2002	5
 41037	1997	43
 41045	2012	143
 41047	2012	65
 41049	2012	88
 41025	2012	8
 41037	2012	4
 41057	2012	9
 41059	2012	47
 41067	2012	104
 41015	2012	43
 41035	2012	1
 41057	2012	6
 41061	2012	16
 41005	2012	949
 41007	2012	22
 41035	2012	12
 41041	2012	35
 41059	2007	52
 41039	2007	18
 41023	2007	35
 41011	1997	53
 41037	2007	1
 41067	2002	48
 41047	2002	558
 41035	2007	70
 41045	2007	119
 41051	2002	10
 41009	1997	12
 41047	1997	94
 41071	1997	496
 41029	1997	133
 41019	2007	30
 41053	2002	57
 41047	2007	487
 41003	2002	106
 41011	2007	64
 41033	2002	9
 41027	2002	19
 41055	2002	112
 41049	2007	18
 41049	2007	117
 41041	2002	27
 41005	2007	205
 41011	2002	68
 41017	2002	8
 41039	1997	51
 41071	2007	372
 41033	2007	216
 41049	2007	6
 41053	2007	12
 41019	2007	141
 41007	1997	10
 41047	1997	49
 41001	2007	6
 41015	2007	2
 41013	2002	17
 41023	2002	9
 41071	1997	135
 41009	2012	12
 41047	2012	34
 41049	2012	4
 41057	2012	17
 41069	2012	4
 41037	2012	12
 41063	2012	14
 41057	2002	8
 41005	2002	616
 41027	2012	14
 41063	2007	12
 41013	2002	21
 41013	2002	34
 41061	2002	186
 41029	2002	321
 41059	2007	1,658
 41065	2002	42
 41029	1997	100
 41015	2007	53
 41047	2007	395
 41003	2002	21
 41007	2002	5
 41015	2002	8
 41003	2002	15
 41001	2012	40
 41007	2012	1
 41017	2012	14
 41025	2012	31
 41069	2012	20
 41011	2012	15
 41049	2012	125
 41063	2012	52
 41043	2002	29
 41067	1997	34
 41021	1997	3
 41043	2002	33
 41023	2007	8
 41057	2007	29
 41033	2002	28
 41029	2007	66
 41023	2007	58
 41055	1997	2
 41003	2002	163
 41057	2002	54
 41011	2007	340
 41063	2007	238
 41013	2012	20
 41057	2012	20
 41071	2012	114
 41017	2012	58
 41039	2012	176
 41049	2012	6
 41067	2012	71
 41023	2012	11
 41015	2012	6
 41019	2012	92
 41021	2012	5
 41035	2012	58
 41061	2012	30
 41071	2012	55
 41043	2007	174
 41003	2007	35
 41009	2002	451
 41039	1997	162
 41033	2007	3
 41009	2002	51
 41049	2002	8
 41019	2002	193
 41033	2002	4
 41053	2007	40
 41023	1997	7
 41035	2002	156
 41005	2007	153
 41033	2002	27
 41063	1997	17
 41069	2002	5
 41063	2002	35
 41035	2002	370
 41045	2007	388
 41031	2002	3
 41029	1997	13
 41009	2002	13
 41069	2002	6
 41019	2007	543
 41039	2002	162
 41019	2007	332
 41021	2002	2
 41057	2007	3
 41015	1997	26
 41051	2007	4
 41055	2007	66
 41069	2002	2
 41039	1997	43
 41041	1997	6
 41023	2007	3
 41011	2002	13
 41035	1997	70
 41071	1997	24
 41061	1997	970
 41049	2002	43
 41067	2002	319
 41043	2002	137
 41025	2002	16
 41003	2007	87
 41047	1997	2,981
 41009	2007	9
 41017	2007	212
 41065	2002	124
 41065	2007	14
 41065	2002	123
 41045	2007	74
 41031	2002	10
 41027	2002	335
 41059	2007	45
 41065	2007	178
 41003	2002	137
 41001	2002	38
 41039	2002	37
 41045	2007	10
 41055	2007	2
 41053	2007	293
 41051	2002	23
 41049	2007	31
 41017	2007	8
 41045	2002	11
 41007	2007	13
 41059	2007	109
 41053	2007	25
 41037	1997	467
 41003	2002	912
 41013	1997	34
 41059	2007	23
 41007	1997	13
 41007	2007	12
 41065	2002	14
 41029	2002	49
 41019	2002	84
 41045	2002	39
 41011	2002	42
 41017	2007	59
 41055	2007	3
 41051	2007	14
 41047	2002	162
 41045	1997	123
 41053	2002	193
 41001	2002	41
 41015	1997	195
 41065	2007	649
 41053	2007	517
 41033	2007	8
 41005	1997	9
 41055	2002	98
 41065	1997	24
 41035	1997	115
 41009	2002	57
 41041	2007	27
 41035	2007	6
 41061	2007	36
 41053	1997	103
 41003	1997	11
 41001	1997	108
 41033	2007	7
 41005	2007	60
 41043	2002	31
 41033	1997	339
 41007	2002	28
 41003	1997	49
 41015	1997	5
 41059	2007	9
 41023	1997	15
 41059	2002	421
 41053	2002	109
 41065	1997	41
 41045	2002	36
 41063	1997	14
 41071	2007	46
 41069	2007	18
 41043	2002	980
 41065	2002	41
 41061	2002	318
 41057	1997	38
 41061	2007	23
 41027	2002	239
 41063	2002	84
 41025	2007	19
 41031	2002	1
 41049	2007	4
 41039	2007	23
 41025	2007	523
 41055	2002	14
 41023	1997	17
 41009	2002	46
 41001	2007	176
 41013	2002	25
 41037	2007	17
 41007	2002	11
 41039	2002	1,155
 41027	2002	26
 41011	1997	256
 41017	2002	498
 41053	2007	75
 41041	2007	19
 41069	1997	11
 41027	2007	12
 41019	2007	140
 41063	2007	81
 41051	2002	2
 41053	2007	112
 41071	2007	79
 41061	2007	114
 41003	2002	78
 41001	2007	13
 41047	1997	1,175
 41061	2007	247
 41009	2007	23
 41025	2007	35
 41023	2007	16
 41001	2002	143
 41071	2002	40
 41037	2007	80
 41015	2007	49
 41035	2002	3
 41061	2002	33
 41049	1997	491
 41027	2002	10
 41045	2002	110
 41009	2002	82
 41027	1997	6
 41071	2007	37
 41055	2002	8
 41017	2002	919
 41015	2002	21
 41035	2007	13
 41015	2007	9
 41055	2007	5
 41001	1997	67
 41017	2002	363
 41013	2007	49
 41009	2007	18
 41003	2007	157
 41011	2002	37
 41067	2002	454
 41015	1997	17
 41039	2002	285
 41007	1997	15
 41067	2007	20
 41061	2007	62
 41015	1997	26
 41041	2002	5
 41065	2007	19
 41031	2007	135
 41039	2002	68
 41055	2002	5
 41021	2007	107
 41065	2007	106
 41021	2007	164
 41053	1997	26
 41031	1997	37
 41053	2002	19
 41005	2002	928
 41015	2007	23
 41047	2007	898
 41021	2002	47
 41005	2002	199
 41069	2007	36
 41069	2002	1
 41011	2007	70
 41029	2002	45
 41047	2007	40
 41053	2007	180
 41053	2002	272
 41025	2007	129
 41021	2002	1
 41059	2007	381
 41069	2002	10
 41003	2007	116
 41061	2002	43
 41045	1997	94
 41025	2007	13
 41057	1997	30
 41021	1997	13
 41071	2007	526
 41065	2007	156
 41013	2002	685
 41011	2002	97
 41065	2002	89
 41055	2007	86
 41015	2007	38
 41013	1997	138
 41037	2012	17
 41009	2002	4
 41049	1997	19
 41053	2002	65
 41059	2002	440
 41055	2012	1
 41045	2012	92
 41065	2012	33
 41009	2012	31
 41011	2012	44
 41027	2012	17
 41045	2012	71
 41055	2012	4
 41067	2012	32
 41003	2012	19
 41015	2012	4
 41017	2012	25
 41041	2012	10
 41043	2012	45
 41011	2012	55
 41033	2012	11
 41037	2012	33
 41049	2012	29
 41045	2002	51
 41003	2007	37
 41055	2007	6
 41035	2002	1,228
 41059	2007	61
 41071	1997	5
 41031	2002	17
 41001	2007	56
 41065	1997	23
 41063	2012	522
 41067	2012	1,643
 41063	2002	2
 41033	2007	146
 41065	2002	113
 41039	2007	1,368
 41029	2012	81
 41001	2012	47
 41027	2012	26
 41029	2012	98
 41029	2002	8
 41051	1997	267
 41051	1997	4
 41053	1997	1,375
 41053	2002	42
 41051	1997	674
 41071	2007	51
 41027	2012	196
 41067	2012	610
 41041	2012	161
 41011	2012	213
 41031	2012	131
 41037	2012	75
 41039	2012	476
 41045	2012	346
 41059	2012	261
 41061	2012	169
 41033	2002	232
 41059	2012	156
 41033	2012	2
 41053	2012	32
 41057	2012	6
 41069	2012	7
 41071	2012	47
 41045	2012	148
 41017	2012	1,283
 41055	2007	1
 41067	1997	792
 41043	2012	2,083
 41055	2012	186
 41059	2012	1,603
 41049	1997	8
 41031	1997	63
 41053	2007	28
 41031	1997	17
 41053	2007	264
 41043	2007	454
 41045	2002	3
 41037	1997	25
 41003	2002	372
 41005	2002	44
 41025	2007	97
 41045	2007	41
 41029	2007	32
 41057	2002	36
 41009	2002	149
 41071	2002	20
 41043	1997	2,412
 41041	1997	16
 41061	2007	43
 41027	2007	43
 41017	1997	380
 41013	2007	14
 41029	2007	80
 41039	2002	34
 41033	2002	11
 41039	2002	83
 41023	1997	26
 41005	2007	123
 41071	2002	378
 41069	2002	2
 41067	2007	95
 41061	2007	27
 41063	1997	57
 41015	2002	48
 41043	2007	81
 41023	2002	5
 41059	2002	27
 41053	2002	146
 41065	2002	10
 41053	2002	18
 41003	1997	858
 41021	2002	19
 41055	2002	2
 41069	2002	45
 41021	2002	9
 41045	1997	69
 41055	2007	25
 41053	2002	300
 41011	2002	25
 41059	2002	3
 41057	2002	3
 41045	2007	1,250
 41039	2007	993
 41025	2007	7
 41033	1997	5
 41059	2007	217
 41015	2002	18
 41071	2002	67
 41071	2002	105
 41015	2007	195
 41017	2002	16
 41061	2002	55
 41047	2002	49
 41063	2002	98
 41055	2007	3
 41061	1997	21
 41011	1997	61
 41031	2002	36
 41027	2007	67
 41051	2007	72
 41019	2002	39
 41013	1997	26
 41057	2002	8
 41007	2007	84
 41033	2007	41
 41019	2007	39
 41027	2002	1
 41025	2002	8
 41027	2002	1
 41003	2007	3
 41039	2007	174
 41065	1997	9
 41057	2007	18
 41041	2002	30
 41033	2002	115
 41057	2007	109
 41017	1997	40
 41023	2007	4
 41035	2007	19
 41051	2007	58
 41067	1997	84
 41031	2007	94
 41023	2007	17
 41055	2007	4
 41041	2002	8
 41019	2007	64
 41005	2007	33
 41041	2007	10
 41025	2002	56
 41013	1997	173
 41001	2007	368
 41059	2007	58
 41055	2002	3
 41011	1997	84
 41023	2002	18
 41051	2007	13
 41061	2007	62
 41043	2007	29
 41069	2002	7
 41011	2007	18
 41053	2007	136
 41023	2002	64
 41021	2002	2
 41061	2007	175
 41009	2002	8
 41047	2002	1,276
 41059	1997	65
 41051	1997	5
 41059	2002	57
 41035	2002	27
 41037	2007	2
 41037	2002	124
 41009	1997	62
 41019	2007	808
 41033	2002	17
 41051	2007	1
 41025	2007	49
 41031	2007	1
 41031	2007	174
 41009	2007	10
 41035	1997	85
 41025	2002	35
 41047	2002	490
 41009	2002	149
 41049	2002	9
 41021	2002	2
 41035	2002	35
 41019	2007	26
 41023	2002	35
 41019	2007	119
 41017	2007	29
 41031	2002	70
 41025	2007	2
 41033	1997	231
 41065	2007	9
 41009	2007	805
 41047	2007	55
 41059	1997	54
 41013	1997	7
 41001	2007	35
 41001	2007	1
 41029	2007	135
 41051	2002	6
 41049	1997	75
 41017	2002	31
 41033	2007	118
 41005	2007	7
 41057	2002	333
 41015	2007	12
 41029	2007	43
 41031	2007	2
 41049	2002	168
 41013	2002	17
 41009	2007	29
 41047	2007	64
 41039	1997	75
 41027	2002	8
 41037	2002	38
 41067	2002	113
 41027	1997	39
 41067	2002	12
 41009	2007	47
 41055	1997	3
 41029	1997	20
 41009	1997	56
 41071	1997	78
 41001	2007	131
 41011	2007	6
 41027	2002	42
 41023	2002	75
 41025	1997	12
 41039	1997	15
 41037	2002	8
 41041	2007	4
 41057	2002	143
 41051	2007	1
 41069	2007	18
 41053	2002	84
 41049	2007	39
 41003	2007	157
 41011	2007	15
 41049	2007	6
 41021	2002	14
 41013	1997	14
 41043	2007	145
 41017	2002	89
 41023	2007	14
 41067	2007	414
 41013	2002	18
 41069	2007	23
 41059	1997	67
 41053	1997	30
 41065	2007	78
 41023	2002	127
 41071	2002	41
 41071	2007	107
 41015	2007	17
 41023	2002	7
 41047	1997	47
 41017	2007	91
 41005	2007	26
 41041	2002	26
 41021	2007	3
 41001	2002	10
 41031	2002	7
 41027	2002	7
 41055	2007	130
 41023	2007	34
 41065	2007	70
 41059	2002	275
 41047	1997	52
 41015	2002	84
 41005	2002	1,340
 41023	2002	1
 41065	2002	9
 41039	2007	169
 41043	2002	106
 41063	2002	1
 41051	2007	6
 41023	2007	6
 41011	2002	45
 41015	2002	7
 41057	2002	53
 41013	2007	288
 41033	1997	4
 41057	2007	3
 41023	1997	448
 41001	2002	168
 41041	2007	30
 41061	2007	55
 41011	2002	300
 41021	2007	3
 41067	2007	4
 41029	2002	79
 41001	2002	44
 41053	1997	16
 41033	2007	146
 41051	2007	22
 41025	1997	25
 41005	2007	45
 41067	2007	32
 41041	2007	2
 41037	2007	32
 41055	1997	12
 41039	2007	554
 41029	2002	100
 41053	2002	14
 41025	2007	27
 41001	2012	645
 41023	2012	398
 41031	2012	474
 41033	2012	617
 41041	2012	362
 41049	2012	401
 41051	2012	598
 41065	2012	670
 41039	2012	37
 41059	2012	38
 41013	2012	6
 41045	2012	29
 41005	2012	50
 41039	2012	74
 41071	2012	50
 41045	1997	126
 41069	2002	22
 41019	1997	151
 41015	2007	28
 41007	2002	26
 41001	2002	6
 41069	2002	4
 41025	2007	1
 41017	1997	46
 41043	2007	2,325
 41039	2007	369
 41017	2002	353
 41047	2002	67
 41045	1997	34
 41015	2007	37
 41039	2007	180
 41009	2007	177
 41047	2007	87
 41055	2012	36
 41063	2012	37
 41035	2012	64
 41035	2002	23
 41031	2007	109
 41013	2002	6
 41015	2007	7
 41059	2007	32
 41031	2007	48
 41011	2007	62
 41063	2007	14
 41005	1997	31
 41005	1997	1,592
 41001	2002	58
 41025	1997	15
 41067	2002	609
 41047	2007	19
 41005	2007	5
 41029	1997	811
 41021	2007	2
 41027	2007	58
 41037	1997	17
 41033	2002	29
 41065	2002	55
 41013	2007	20
 41029	2002	120
 41001	2007	10
 41023	2007	225
 41067	2007	31
 41015	2002	25
 41019	2012	131
 41023	2012	12
 41037	2012	6
 41005	2012	148
 41033	2012	40
 41057	2012	20
 41069	2012	8
 41019	2012	149
 41031	2012	28
 41041	2012	18
 41053	2012	51
 41019	2002	151
 41015	2007	17
 41005	2002	29
 41045	1997	143
 41021	1997	6
 41035	2007	16
 41003	2007	48
 41047	2007	134
 41017	2012	15
 41025	2012	29
 41069	2012	13
 41021	2007	7
 41003	2002	28
 41027	2002	42
 41023	1997	10
 41007	2002	79
 41001	1997	18
 41003	2002	24
 41017	1997	27
 41057	2007	10
 41017	2002	79
 41071	2007	12
 41019	2002	8
 41065	1997	18
 41069	2007	2
 41035	1997	53
 41007	2002	8
 41011	2002	17
 41031	2002	17
 41035	2002	80
 41051	1997	32
 41015	2002	207
 41069	2002	27
 41033	2002	220
 41007	2007	118
 41053	2007	40
 41023	2002	64
 41029	2007	26
 41027	2002	15
 41049	2007	45
 41043	2002	386
 41069	2007	41
 41053	2002	34
 41035	2002	137
 41021	2007	1
 41053	2007	41
 41003	2002	151
 41069	2002	30
 41071	2002	134
 41057	2002	4
 41071	2007	2,115
 41033	2007	14
 41003	2007	12
 41055	1997	9
 41043	2012	24
 41001	2012	22
 41013	2012	6
 41029	2012	83
 41053	2012	30
 41071	2012	54
 41005	2012	335
 41015	2012	1
 41043	2012	28
 41009	1997	73
 41013	2007	27
 41047	2002	485
 41037	2007	28
 41001	2007	17
 41017	2002	74
 41009	2002	4
 41039	1997	202
 41005	2002	3
 41007	2007	24
 41069	2007	164
 41029	1997	1,934
 41005	1997	2,022
 41029	1997	64
 41003	2002	16
 41015	2002	31
 41063	2012	2
 41051	2007	217
 41009	2007	191
 41061	2007	254
 41061	1997	89
 41037	2002	14
 41057	2002	4
 41059	1997	28
 41033	2007	16
 41045	2002	322
 41037	1997	19
 41057	2007	1
 41015	1997	6
 41035	2007	132
 41007	2007	18
 41071	2007	7
 41029	1997	90
 41045	2002	123
 41009	2012	185
 41029	2012	519
 41065	2012	98
 41023	2012	75
 41051	2012	64
 41057	2012	71
 41067	2012	273
 41031	2012	56
 41043	2012	166
 41051	2012	17
 41055	2012	21
 41001	2012	60
 41037	2012	49
 41059	2012	124
 41035	2012	116
 41057	2012	3
 41071	2012	30
 41065	2002	6
 41037	2007	14
 41035	2002	82
 41043	1997	508
 41037	2007	58
 41039	2002	15
 41011	2002	59
 41055	1997	5
 41071	1997	63
 41013	2002	38
 41043	2002	26
 41069	1997	11
 41039	1997	106
 41029	2002	13
 41009	2002	42
 41003	2002	5
 41039	2007	11
 41049	2002	57
 41005	2007	64
 41071	2007	35
 41061	1997	40
 41025	1997	134
 41055	1997	7
 41027	2007	3
 41001	2002	10
 41043	2007	135
 41045	2007	34
 41061	2002	48
 41003	1997	14
 41049	1997	24
 41033	2002	60
 41035	2002	51
 41071	2002	359
 41067	2007	52
 41009	2007	4
 41009	2002	10
 41025	2002	118
 41005	2012	3,745
 41019	2012	1,927
 41057	2007	3
 41033	2007	4
 41037	2007	7
 41057	2002	4
 41027	2002	129
 41007	2007	4
 41063	2007	3
 41013	2007	185
 41059	2002	100
 41007	2007	16
 41013	2007	133
 41001	2007	9
 41057	2012	21
 41053	2007	67
 41021	2002	13
 41047	2002	274
 41059	2002	280
 41063	2007	10
 41049	2002	37
 41069	2002	2
 41037	1997	34
 41071	2002	2,329
 41003	2002	29
 41009	2012	32
 41019	2012	150
 41031	2012	2
 41041	2012	21
 41019	2012	84
 41013	2007	1
 41027	2007	553
 41051	2007	563
 41057	2012	22
 41057	2012	14
 41011	2012	66
 41059	2012	396
 41071	2012	372
 41011	2012	309
 41021	2012	29
 41051	2012	109
 41045	2007	492
 41015	2007	2
 41025	2002	102
 41001	1997	80
 41019	2007	33
 41055	2002	210
 41009	2007	5
 41063	2002	13
 41051	2012	22
 41055	2012	5
 41059	2012	67
 41069	2012	5
 41001	1997	66
 41063	2012	214
 41043	2012	11
 41019	2012	17
 41029	2012	5
 41067	2012	14
 41017	2012	22
 41051	2012	12
 41045	2012	5
 41013	2012	18
 41017	2012	58
 41011	2012	39
 41031	2012	79
 41037	2012	45
 41051	2012	41
 41045	2007	68
 41003	2012	38
 41059	2012	78
 41063	2012	17
 41019	2002	113
 41037	2007	79
 41001	2012	48
 41015	2012	12
 41025	2012	22
 41047	2012	113
 41001	2012	38
 41065	2012	31
 41041	2007	15
 41001	2012	18
 41011	2012	31
 41005	2012	26
 41027	2012	3
 41065	2012	11
 41069	2012	1
 41019	2012	142
 41023	2012	38
 41047	2012	98
 41009	2012	4
 41031	2012	24
 41051	2012	2
 41009	2012	1
 41017	2012	5
 41071	2012	9
 41059	1997	115
 41027	2007	19
 41027	2007	5
 41059	2007	154
 41069	2002	164
 41055	2002	22
 41049	2002	124
 41001	2007	46
 41039	2002	109
 41023	2002	37
 41061	2002	182
 41025	2002	11
 41033	2007	8
 41037	2007	14
 41063	1997	515
 41027	2002	54
 41049	2002	17
 41061	2007	82
 41053	2002	24
 41051	2002	6
 41041	2007	11
 41071	2007	15
 41041	2002	3
 41035	2002	66
 41055	2007	16
 41033	2002	57
 41063	2002	15
 41069	1997	8
 41001	1997	16
 41029	2002	1,953
 41027	2002	27
 41019	1997	57
 41013	1997	64
 41023	2007	71
 41023	2012	111
 41039	2012	34
 41047	2012	63
 41061	2012	89
 41037	2007	6
 41019	2007	36
 41031	2007	33
 41035	2007	70
 41025	2012	33
 41033	2012	197
 41039	2007	34
 41065	2002	10
 41025	1997	65
 41069	2002	57
 41051	2012	272
 41061	2012	147
 41005	2012	1,638
 41009	2012	340
 41011	2012	187
 41013	2012	158
 41033	2012	274
 41059	2012	373
 41061	2012	238
 41017	2012	173
 41047	2012	405
 41055	2012	13
 41015	2012	38
 41037	2012	68
 41069	2012	26
 41005	2012	36
 41015	2012	24
 41019	2012	96
 41025	2012	61
 41039	2012	44
 41043	2012	64
 41045	2012	6
 41071	2012	23
 41035	2012	12
 41047	2012	79
 41001	2012	28
 41003	2012	102
 41013	2012	91
 41015	2012	15
 41063	2012	65
 41005	2012	7
 41035	2002	290
 41063	2007	66
 41011	2007	146
 41001	2012	17
 41003	2012	50
 41019	2012	45
 41033	2012	68
 41049	2012	7
 41063	2012	8
 41065	2012	10
 41007	2012	7
 41047	2002	3,203
 41003	2007	906
 41029	2012	174
 41037	2012	2
 41043	2012	124
 41047	2012	388
 41049	2012	2
 41053	2012	98
 41017	2012	346
 41033	2012	122
 41061	2012	264
 41063	2012	142
 41067	2012	200
 41009	2012	163
 41045	2012	321
 41053	2012	292
 41025	2012	7
 41065	2012	2
 41003	2012	7
 41011	2012	15
 41021	2012	2
 41039	2012	12
 41051	2012	1
 41057	2012	94
 41019	2012	16
 41043	2007	28
 41039	2002	289
 41061	2007	41
 41063	2007	6
 41009	2007	1
 41031	2002	11
 41015	2012	32
 41035	2012	120
 41045	2012	119
 41053	2012	266
 41001	2012	158
 41007	2012	69
 41013	2012	129
 41025	2012	95
 41043	2012	429
 41009	2012	37
 41033	2012	18
 41041	2012	27
 41049	2012	38
 41071	2012	103
 41017	2012	19
 41031	2012	42
 41051	2012	5
 41061	2012	62
 41029	2012	21
 41037	2012	101
 41055	2012	116
 41059	2012	277
 41065	2012	118
 41067	2012	24
 41027	2002	42
 41069	2007	1
 41017	2007	66
 41021	1997	5
 41027	2012	6
 41053	2012	14
 41055	2002	9
 41033	2007	9
 41057	2002	81
 41055	2002	29
 41061	2002	43
 41039	2002	20
 41041	1997	1
 41067	1997	91
 41069	2007	35
 41031	2007	510
 41027	2007	151
 41031	2007	59
 41051	2007	29
 41023	2002	14
 41009	2002	11
 41021	2007	4
 41049	2002	99
 41055	2002	31
 41057	2002	45
 41013	2002	40
 41025	2002	8
 41041	2007	23
 41059	2007	191
 41065	2002	538
 41055	2002	4
 41005	2007	599
 41019	2007	152
 41043	1997	144
 41003	1997	29
 41055	2007	105
 41047	2002	88
 41069	2012	51
 41013	2012	32
 41029	2012	66
 41031	2012	25
 41039	2012	63
 41047	2012	58
 41025	2012	16
 41037	2012	23
 41017	2012	6
 41023	2012	4
 41055	2002	2
 41003	2012	4
 41071	2012	45
 41055	2012	3
 41063	2012	6
 41013	2012	9
 41063	2012	5
 41011	2012	66
 41013	2012	138
 41053	2012	242
 41019	2012	342
 41031	2012	9
 41033	2012	4
 41039	2012	30
 41043	2012	36
 41061	2012	31
 41021	2012	21
 41031	2012	35
 41005	2012	212
 41043	2012	157
 41061	2012	29
 41065	2012	30
 41007	2012	28
 41023	2012	31
 41033	2002	115
 41061	2012	2
 41047	2012	5
 41043	2012	84
 41049	2007	93
 41021	2012	72
 41009	2012	333
 41017	2012	466
 41041	2012	169
 41045	2012	434
 41033	2012	4
 41041	2012	1
 41053	2012	2
 41033	2012	5
 41035	2012	9
 41045	2012	15
 41017	2002	7
 41029	1997	64
 41017	1997	799
 41061	2007	880
 41043	2002	164
 41059	2002	32
 41015	2002	23
 41001	2007	161
 41055	2002	1
 41035	2002	55
 41043	2007	177
 41025	1997	31
 41005	2012	36
 41009	2012	2
 41019	2012	5
 41035	2012	36
 41045	2012	5
 41041	1997	6
 41029	2012	21
 41039	2012	37
 41067	2012	65
 41005	2012	189
 41019	2012	175
 41041	2012	52
 41033	2002	9
 41005	2012	3
 41053	2012	16
 41071	2012	21
 41001	2012	85
 41005	2012	4
 41015	2012	5
 41019	2012	39
 41033	1997	8
 41071	2007	140
 41003	1997	230
 41043	2007	97
 41053	2002	581
 41069	2002	21
 41011	2012	84
 41055	2012	4
 41015	2012	42
 41019	2012	691
 41039	2012	1,059
 41049	2012	73
 41065	2012	166
 41071	2012	930
 41049	1997	10
 41049	2012	44
 41063	2012	111
 41007	2012	15
 41025	2012	85
 41035	2012	144
 41057	2012	73
 41063	2012	75
 41065	2012	87
 41003	2012	29
 41027	2012	3
 41045	2012	84
 41011	2012	33
 41025	2012	149
 41037	2012	373
 41053	2012	1,143
 41037	2002	30
 41057	2007	27
 41057	2002	3
 41067	2007	1,761
 41033	2007	164
 41071	1997	1,007
 41065	2007	127
 41067	2007	265
 41007	2007	7
 41011	2007	109
 41015	2012	13
 41019	2012	22
 41045	2012	40
 41049	2012	44
 41003	2012	10
 41013	2012	53
 41025	2012	118
 41049	2007	65
 41025	2007	114
 41025	2007	62
 41039	2007	533
 41033	2007	1
 41013	2002	96
 41025	2002	16
 41023	2007	71
 41053	2002	26
 41037	2012	22
 41039	2012	94
 41051	2012	8
 41007	2012	3
 41019	2012	75
 41031	2012	12
 41033	2012	3
 41015	2012	8
 41029	2012	18
 41009	2002	55
 41007	2012	32
 41053	2012	13
 41071	2012	22
 41015	2012	26
 41025	2012	57
 41043	2012	85
 41051	2012	11
 41063	2012	44
 41019	1997	156
 41045	2007	92
 41039	2002	8
 41063	2012	25
 41011	2012	68
 41065	2012	63
 41035	1997	70
 41009	1997	2
 41005	2012	114
 41029	2012	76
 41003	2012	49
 41007	2012	20
 41017	2012	56
 41045	2012	62
 41005	2002	34
 41067	1997	664
 41015	2002	1
 41067	2002	31
 41063	2002	503
 41007	2012	199
 41009	2012	751
 41011	2012	654
 41027	2012	554
 41035	2012	955
 41047	2012	2,567
 41059	2012	412
 41035	2012	250
 41025	2007	12
 41041	2002	13
 41037	2002	95
 41053	2002	11
 41035	2007	19
 41059	2007	428
 41065	2012	79
 41067	2012	7
 41013	2012	27
 41033	2012	26
 41049	2012	15
 41061	2012	46
 41067	2012	72
 41023	2012	33
 41053	2012	39
 41023	2012	10
 41027	2012	9
 41055	2012	4
 41011	2012	22
 41051	2012	3
 41067	2012	13
 41041	1997	13
 41053	2012	488
 41055	2012	6
 41069	2012	14
 41011	2012	108
 41045	2012	158
 41049	2012	39
 41013	2012	66
 41019	2012	61
 41041	2012	1
 41051	2012	5
 41017	2002	39
 41041	1997	37
 41025	1997	19
 41033	1997	2
 41031	2002	45
 41039	2002	48
 41047	2007	135
 41051	2007	67
 41017	2007	341
 41029	1997	44
 41051	2007	30
 41027	2007	10
 41019	2002	142
 41061	2007	53
 41001	2002	50
 41011	2002	10
 41025	2012	9
 41009	2012	56
 41013	2012	50
 41015	2012	18
 41019	2012	152
 41001	2002	350
 41023	2002	12
 41039	2002	19
 41017	1997	83
 41031	2007	42
 41043	2002	116
 41033	2007	37
 41041	2012	38
 41069	2012	1
 41021	2012	2
 41049	2012	5
 41053	2012	206
 41059	2012	134
 41009	2012	62
 41015	2012	15
 41017	2012	37
 41027	2012	35
 41043	2012	109
 41003	2012	144
 41021	2012	72
 41001	2012	146
 41039	2012	516
 41013	2012	263
 41025	2012	236
 41027	2012	11
 41045	2012	39
 41051	2012	21
 41053	2012	80
 41059	2012	53
 41053	2012	98
 41049	1997	13
 41037	2012	163
 41039	2012	810
 41047	2012	671
 41057	2012	85
 41061	2012	277
 41023	2012	3
 41059	2012	2
 41013	2012	2
 41017	2012	10
 41061	2012	3
 41007	2012	5
 41031	2012	1
 41033	2012	11
 41039	2012	76
 41041	2012	12
 41057	2012	10
 41029	2012	123
 41039	2012	173
 41049	2012	12
 41023	2012	52
 41043	2012	223
 41045	2012	68
 41047	2012	199
 41065	2012	87
 41069	2012	18
 41013	2002	42
 41029	2007	5
 41007	2012	9
 41009	2012	23
 41035	2012	101
 41041	2012	1
 41023	2012	81
 41039	2012	16
 41045	2012	108
 41047	2012	17
 41059	2012	172
 41031	2012	39
 41045	2012	121
 41047	2012	103
 41051	2012	20
 41061	2012	64
 41041	2007	26
 41061	2012	73
 41065	2012	49
 41067	2012	83
 41011	2012	10
 41015	2012	9
 41031	2012	15
 41043	2007	32
 41045	2007	8
 41029	2002	321
 41003	2012	15
 41005	2012	21
 41015	2012	5
 41017	2012	3
 41009	2012	5
 41027	1997	4
 41061	2007	17
 41061	2007	37
 41041	2002	31
 41069	2007	1
 41027	2007	175
 41021	2007	2
 41001	2012	5
 41027	2012	13
 41041	2007	89
 41027	2002	3
 41001	2012	69
 41017	2012	349
 41041	2012	68
 41017	2012	663
 41031	2012	115
 41047	2012	993
 41051	2012	235
 41063	2012	123
 41009	2012	171
 41023	2012	87
 41053	2012	264
 41065	2012	157
 41019	2012	266
 41021	2012	23
 41061	2012	124
 41011	2012	29
 41041	2012	13
 41063	2012	54
 41003	2012	21
 41053	2012	27
 41063	2012	89
 41071	2012	29
 41009	2012	5
 41013	2012	2
 41051	2012	6
 41067	2012	9
 41069	2007	10
 41013	2012	3
 41021	2012	53
 41025	2012	1
 41063	2012	29
 41035	2012	46
 41047	2012	395
 41065	2012	125
 41051	2012	191
 41007	2012	34
 41035	2012	273
 41055	2012	55
 41003	2012	144
 41007	2012	88
 41061	2012	1
 41005	2012	21
 41007	2012	2
 41061	2012	16
 41065	2012	15
 41007	2012	4
 41009	2012	19
 41019	2012	52
 41053	2012	38
 41061	2012	11
 41071	2012	81
 41015	2012	197
 41025	2012	497
 41057	2012	280
 41017	2002	27
 41013	2007	127
 41031	2002	86
 41057	2002	2
 41019	2002	825
 41035	2012	64
 41047	2012	131
 41025	2012	35
 41003	2012	33
 41011	2012	41
 41051	2012	14
 41003	2012	19
 41005	2012	70
 41043	2012	56
 41049	2012	14
 41059	2012	49
 41029	2012	35
 41051	2012	3
 41063	2012	21
 41071	2012	70
 41057	2012	10
 41023	2007	6
 41005	2012	34
 41035	2012	28
 41003	2012	8
 41027	2007	43
 41011	2012	9
 41025	2012	4
 41055	2012	1
 41059	2012	10
 41009	2002	29
 41025	1997	51
 41011	1997	35
 41017	2007	20
 41025	2012	12
 41041	2012	6
 41013	2012	37
 41045	2012	98
 41053	2012	37
 41067	2012	64
 41011	2012	18
 41021	2012	23
 41023	2012	30
 41047	2012	46
 41037	2012	72
 41043	2002	70
 41047	2007	408
 41027	2012	41
 41007	2012	11
 41017	2012	44
 41059	2012	67
 41039	2002	32
 41063	2002	2
 41023	1997	35
 41011	2007	8
 41001	2007	8
 41005	2002	95
 41035	2002	71
 41055	2012	17
 41057	2012	43
 41035	2012	52
 41057	2012	3
 41065	2012	39
 41067	2012	17
 41029	2012	12
 41043	2012	29
 41037	2002	86
 41049	2002	16
 41071	2007	377
 41065	2002	34
 41053	2007	83
 41059	1997	58
 41059	2007	25
 41055	1997	1
 41041	1997	27
 41049	1997	144
 41013	2007	83
 41033	2007	154
 41067	2002	32
 41003	2007	19
 41067	2002	118
 41021	1997	184
 41023	1997	46
 41065	2012	12
 41021	2007	26
 41027	1997	6
 41011	2012	2
 41029	2012	11
 41039	2012	28
 41061	2012	2
 41071	2012	8
 41005	2012	31
 41029	2012	6
 41055	2012	107
 41005	2012	99
 41017	2012	22
 41051	2012	69
 41011	2012	119
 41017	2012	5
 41011	2012	27
 41031	2012	7
 41037	2012	6
 41039	2012	215
 41019	1997	33
 41051	2002	85
 41053	2007	8
 41059	2002	303
 41047	2007	88
 41033	2012	2
 41039	2012	18
 41059	2012	105
 41021	2012	95
 41031	2007	32
 41055	2012	80
 41053	2002	263
 41007	2002	5
 41069	2007	31
 41007	2012	10
 41041	2012	16
 41045	2012	31
 41053	2012	16
 41063	2012	17
 41067	2012	20
 41071	2012	31
 41001	2012	8
 41019	2012	49
 41021	2012	2
 41047	2012	25
 41049	2012	5
 41059	2012	19
 41001	2012	76
 41003	2012	37
 41017	2012	29
 41061	2012	65
 41047	2007	267
 41001	2012	25
 41009	2012	53
 41049	2012	9
 41067	2012	98
 41035	2012	77
 41053	2012	73
 41035	2012	57
 41069	2012	7
 41037	2007	141
 41017	2002	353
 41031	2002	23
 41065	1997	30
 41061	2012	13
 41005	2012	465
 41047	2012	429
 41059	2012	396
 41065	2012	165
 41071	2012	372
 41069	2012	41
 41035	2012	400
 41049	2012	115
 41071	2012	464
 41015	2012	4
 41069	2012	5
 41009	2012	2
 41071	2012	17
 41005	2012	52
 41021	2012	4
 41043	2012	44
 41029	2012	57
 41009	2012	27
 41065	2002	14
 41011	2012	42
 41025	2012	13
 41037	2012	12
 41043	2012	157
 41007	2012	17
 41033	2012	107
 41035	2012	118
 41067	2012	160
 41059	2007	429
 41069	2007	8
 41043	2007	46
 41023	2012	52
 41035	2012	69
 41065	2012	44
 41021	2012	118
 41049	2012	169
 41003	2012	886
 41021	2012	170
 41061	2012	829
 41003	2012	299
 41023	2012	37
 41039	2012	906
 41043	2012	812
 41003	2012	139
 41027	2012	110
 41029	2012	321
 41035	2012	256
 41049	2002	38
 41059	2007	190
 41065	2007	107
 41069	2007	6
 41005	2012	544
 41015	2012	43
 41021	2012	8
 41033	2012	124
 41041	2012	92
 41003	2012	64
 41005	2012	110
 41017	2012	60
 41039	2012	141
 41007	2012	4
 41013	2012	26
 41021	2012	14
 41029	2012	20
 41033	2012	2
 41069	2012	71
 41003	2012	21
 41023	2012	2
 41037	2012	18
 41041	2012	3
 41049	2012	5
 41057	2012	3
 41019	2012	11
 41031	2012	1
 41053	2012	6
 41047	2007	21
 41039	2012	2,660
 41045	2012	1,113
 41005	2012	1,410
 41013	2012	117
 41019	2012	289
 41037	2012	22
 41069	2012	2
 41071	2012	564
 41001	2012	131
 41025	2012	74
 41029	2012	66
 41041	2012	11
 41065	2012	59
 41069	2012	21
 41045	2012	258
 41013	2012	13
 41037	2012	29
 41059	2002	54
 41055	2007	7
 41053	2012	11
 41033	2012	26
 41037	2012	30
 41063	2012	48
 41013	2012	12
 41061	2012	28
 41065	2012	17
 41007	2007	8
 41041	2007	169
 41045	2002	108
 41051	2007	21
 41007	2012	3
 41009	2012	2
 41035	2012	15
 41057	2012	13
 41039	2007	557
 41069	1997	17
 41003	2007	301
 41035	2002	15
 41011	2012	60
 41015	2012	7
 41031	2012	39
 41033	2012	32
 41039	2012	143
 41041	2012	29
 41053	2012	101
 41021	2012	3
 41041	2012	29
 41043	2012	132
 41071	2012	115
 41009	2012	31
 41027	2012	26
 41055	2012	3
 41057	2012	21
 41049	2002	2
 41035	2002	290
 41071	2002	147
 41037	2002	52
 41035	2007	141
 41019	2007	165
 41003	2007	363
 41023	2012	6
 41027	2012	1
 41033	2012	2
 41057	2012	2
 41059	2012	271
 41023	2012	4
 41027	2012	285
 41039	2012	366
 41045	2012	8
 41051	2012	49
 41003	2012	94
 41071	2012	161
 41001	2012	146
 41015	2012	10
 41023	2012	76
 41025	2012	145
 41027	2012	57
 41039	2012	516
 41051	2012	72
 41029	2012	342
 41031	2012	138
 41043	2012	528
 41049	2012	122
 41057	2012	14
 41001	2012	309
 41027	2012	99
 41033	2012	157
 41043	2012	734
 41019	2012	14
 41031	2012	1
 41043	2012	18
 41059	2012	5
 41011	2012	8
 41013	2012	5
 41057	2012	2
 41063	2012	4
 41003	2012	45
 41011	2012	16
 41025	2012	17
 41055	2012	2
 41061	2012	36
 41021	2012	8
 41029	2012	237
 41049	2012	31
 41071	2012	216
 41049	2002	3
 41007	2002	4
 41057	2007	59
 41063	2007	50
 41071	2002	37
 41055	1997	11
 41013	2007	6
 41013	2007	23
 41013	2007	46
 41015	2007	5
 41027	2012	219
 41029	2012	722
 41057	2012	66
 41067	2012	613
 41027	2012	26
 41029	2012	119
 41067	2012	97
 41009	2012	13
 41047	2012	80
 41055	2012	26
 41067	2012	26
 41001	2012	125
 41031	2012	45
 41043	2012	75
 41029	2012	1,722
 41069	2012	153
 41071	2012	2,028
 41057	1997	22
 41021	2012	1
 41043	2012	537
 41049	2012	38
 41063	2012	70
 41003	2012	334
 41021	2012	6
 41009	2002	44
 41007	2012	5
 41041	2012	11
 41045	2012	45
 41047	2012	103
 41067	2012	363
 41033	2012	46
 41045	2012	17
 41041	2012	38
 41037	2012	135
 41005	2012	1,047
 41029	2012	610
 41067	2012	217
 41001	2012	7
 41029	2012	2
 41037	2012	3
 41057	2012	3
 41049	2012	6
 41015	2012	4
 41059	2012	24
 41063	2012	11
 41069	2012	2
 41007	2012	15
 41015	2012	13
 41057	2012	12
 41071	2012	102
 41009	2012	74
 41017	2012	252
 41019	2012	162
 41039	2012	339
 41055	2012	2
 41017	2007	1,405
 41071	2007	21
 41031	2012	1
 41047	2012	38
 41001	2012	4
 41043	2012	10
 41065	2002	33
 41007	2007	229
 41071	2002	135
 41031	2002	428
 41049	2007	421
 41061	2007	137
 41055	2002	10
 41015	1997	11
 41069	2007	6
 41057	2007	64
 41033	2002	728
 41049	2002	44
 41063	2002	66
 41001	2012	5
 41025	2012	2
 41065	2012	23
 41069	2012	1
 41009	2012	163
 41029	2012	342
 41031	2012	138
 41043	2012	528
 41045	2012	321
 41049	2012	122
 41005	2012	465
 41047	2012	429
 41065	2012	165
 41023	2012	234
 41009	2012	4
 41017	2012	5
 41031	2012	1
 41039	2012	7
 41047	2012	9
 41015	2012	1
 41027	2012	1
 41053	2012	14
 41001	2012	2
 41009	2012	17
 41035	2012	2
 41059	2012	11
 41067	2012	16
 41027	2012	8
 41043	2012	55
 41051	2012	28
 41033	2012	26
 41041	2012	20
 41047	2012	152
 41065	2012	21
 41067	2012	56
 41001	2012	81
 41005	2012	433
 41025	2012	63
 41027	2012	29
 41033	2012	26
 41067	2012	18
 41035	2012	1
 41051	2012	5
 41053	2012	29
 41027	2012	22
 41003	2012	122
 41013	2012	2
 41025	2012	1
 41033	2012	61
 41071	2012	493
 41019	2012	3
 41035	2012	25
 41009	2012	13
 41039	2012	95
 41043	2012	56
 41061	2012	8
 41001	2012	20
 41069	2012	2
 41023	2012	6
 41029	2012	62
 41067	2012	365
 41037	2012	135
 41007	2012	34
 41013	2012	138
 41035	2012	273
 41053	2012	242
 41055	2012	55
 41015	2012	83
 41065	2012	159
 41069	2012	70
 41011	2012	3
 41063	2012	4
 41047	2012	38
 41023	2012	7
 41025	2012	4
 41047	2012	39
 41013	2012	7
 41017	2012	56
 41023	2012	7
 41031	2012	12
 41049	2012	2
 41003	2012	79
 41031	2012	16
 41063	2012	34
 41069	2012	5
 41049	2002	18
 41033	2012	12
 41041	2012	1
 41059	2012	6
 41013	1997	36
 41001	2002	25
 41007	2002	5
 41007	2002	1
 41043	1997	133
 41003	2007	47
 41009	2007	10
 41043	2007	595
 41051	2002	85
 41059	2012	99
 41003	2012	11
 41029	2012	9
 41043	2012	46
 41061	2012	50
 41049	2002	116
 41031	2012	21
 41051	2012	3
 41061	2012	39
 41019	2007	1
 41059	2002	229
 41051	2002	30
 41003	2007	9
 41045	2007	388
 41057	2007	21
 41039	2002	59
 41001	2007	140
 41019	2002	295
 41031	2002	61
 41019	2002	882
 41013	2002	133
 41071	2007	372
